text,aspect,label,label_id,gold_label
avva markasinin kendi seviyesine cikmasi lazi artik kalite ve arge zayif reklamdan kisip kaliteye verme zamani geldi,fabric_quailty,negative,0,negative
çok ince transparan gibi,fabric_quailty,negative,0,negative
ürün slimfit falan değil boşu boşuna hafta iadeyle uğraştık kumaşı çok güzel ama beden bildigin oversize,fabric_quailty,negative,0,positive
cok ince gömlek üstü ancak kullanılır güneşli bi yere tuttuğunuzda ne kadar ince olduğunu daha iyi anlıyorsunuz icine beyaz atlet giyin direk beyazi belli oluyor ic gösteriyor resmen alinmaz iade,fabric_quailty,negative,0,negative
kumaş güzel kalıp güzel peki bunca güzelliğin yanına bu defo yakışıyor mu,fabric_quailty,negative,0,positive
çok ince penyesi,fabric_quailty,negative,0,negative
cook kotu kalite avva diye aldik ama berbat,fabric_quailty,negative,0,negative
bu kadar övgüyü nasıl almış anlamadım pazardan alınan şalvarlar gibi kalitesi var ilk giymem de nasıl oldugunun görselini yükledim satıcıya da mesaj attım ama herhangi bir dönüş yapmadı paranızı daha kaliteli kumaşları olan taytlardan yana kullanın derim,fabric_quailty,negative,0,negative
cok ince ve kalitesiz insanlar görerek satın alıyor bu kadar yanıltıcı bilgi hoş degil,fabric_quailty,negative,0,negative
duruşu çok güzel ancak kere giydim ikisindede çıkardığımda vücudum alerji oldu yıkadığım halde kumaşı polyester asla önermiyorum,fabric_quailty,negative,0,negative
altınyıldız ürünü diye güvendim ama ürün resmen poşet çıktı kumaş kalitesi gerçekten çok kötü poşet giymek isteyen alsın,fabric_quailty,negative,0,negative
i ç göstermeyi geçtim baya transparan aşırı ince aynı markanın aynı tişörtü var ama arada dağlar kadar kalite farkı var,fabric_quailty,negative,0,negative
boy kilo s beden giyiniyorum yorumlara bakarak xs aldım ve eşofman formunda tam oldu fakat duruşunu ve kalitesini beğenmemekle birlikte yan dikişleri kaçmıştı,fabric_quailty,negative,0,negative
xl aldım hala küçük nasıl bir rahat kesim anlamadım kumaşı vasat bence aynı kaliteyi daha ucuza alabilirsiniz,fabric_quailty,negative,0,negative
kesinlikle influencer abartması bir ürün asla kaliteli değil çok ince ve tuhaf bir kalıbı var nesini öve öve bitiremediler bilmiyorum,fabric_quailty,negative,0,negative
hiç güzel değil kalitesiz bende gerçekten yumoş sanmıştım yorumlara inanmayın günlük giyilir,fabric_quailty,negative,0,negative
kumaşı çok ince beğenmedim,fabric_quailty,negative,0,negative
kalitesiz daha önceki eşofman altlarına bakıyorum bunun kumaşı çok kalitesiz biraz daha fiyat farkı vererek daha iyi birşey alın bence ben kalite ve bedenine bakmak ve incelemek için almıştım i yi çıksaydı kendim için birkaç tane daha alıp tavsiye edecektim ama şu an almamanız yönünde tavsiyede bulunabiliyorum,fabric_quailty,negative,0,negative
sakın almayın böyle ava kazağımi olur ilk giymemde daha yıkamadan bile tüylenme yaptı az daha her renginden birer tane alacaktım ava kalitesi dedik çakma çıktı günde yan ve göbek tarafında tiftiklendi hep,fabric_quailty,negative,0,negative
ürün kalitesi iyi değil popo ve diz hemen iz yapti,fabric_quailty,negative,0,negative
aşırı ince iç gösteriyor kağıt gibi,fabric_quailty,negative,0,negative
ürünün çoklu satilan ve tekli satılan arasinda kumaş farkli var tekli aldığımız yumuşacıkken coklu aldığımız sert bir kumas ayrica durmadan fiyat degisiyor çok can sıkıcı etiketlerini koparmış olmasak iade ederdim fotografta sağdaki tekli aldığımız soldaki ise coklu aldığımız kumas kalitesi ve renk tonu farklı kodlar arasinda da fark var,fabric_quailty,negative,0,negative
ürün kalitesi iyi de düz paça diye aldık lastik paça geldi,fabric_quailty,negative,0,positive
ürünü indirimden aldım kumaşı sert beğenmedim,fabric_quailty,negative,0,negative
ürünü metalik gri sipariş ettim siyah gönderdiler demek siyah sipariş versem mor gönderecekler kalite tarafında da ciddi sıkıntılar var yorumlara bakarak aldım ama hata yapmışım ben bir daha almam sen de almadan önce iyi düşün,fabric_quailty,negative,0,negative
kumaşı çok kalitesiz çıktı ilk giyişte yırtıldı,fabric_quailty,negative,0,negative
her zaman almış olduğum altınyıldız kalitesinde değildi malesef altınyıldız bozmuş kalitesine yakışmayan kumaş her zaman tişörtlerimi altınyıldızdan alırdım bidaha alırmıyım bilmiyorum,fabric_quailty,negative,0,negative
çok ince kalitesini hiç beğenmedim,fabric_quailty,negative,0,negative
çok kalitesiz almayınız,fabric_quailty,negative,0,negative
birkaç yıkamadan sonra çekiyor küçücük kalıyor hiç kaliteli değil,fabric_quailty,negative,0,negative
ceplerde fermuarı yok bide çok ince pasif bir ürün,fabric_quailty,negative,0,negative
diğerleri ile aynı kalitede gelmedi memnun değilim,fabric_quailty,negative,0,negative
çok ince bir kazak,fabric_quailty,negative,0,negative
hiç övüldüğü gibi değil maalesef cinsi ince ve çok parlak geldi bana alt kısmı da biraz dar bence tam istediğim o i spanyol paça görüntüsü gibi durmadı bende,fabric_quailty,negative,0,negative
kaliteyi çok düşürmüşlee geçen sene aldığım çok çok iyiydi bu aldığım hemen kabardı malesef çöp,fabric_quailty,negative,0,negative
beş para etmez incecik ve dikiş yerlerinde hatalar var,fabric_quailty,negative,0,negative
ürün kaliteli zaten ama slim fit olmasına rağmen m bedeni xl gibi beklentimi karsilamadi,fabric_quailty,negative,0,positive
görseldekiyle gelen ürünün hiç alakası yok çok kalitesiz ve berbat bir ürün pazardan alsanız daha kaliteli olur uzak durun,fabric_quailty,negative,0,negative
devamlı kullandığım tshirt ama bu kalite geldi,fabric_quailty,negative,0,negative
kendi bedenim m aldım ama aşırı büyük geldi kumaş kalitesi iyiydi dikişler kalitesiz di potluk vardı i nstagram gerçek mutfak önerisi ile almıştım ama hiç memnun kalmadım maalesef iade edildi,fabric_quailty,negative,0,positive
incecik kumaşı var çok kötü kumaşı kalitesi,fabric_quailty,negative,0,negative
ürün ince s beden bel boyu uzun geldi karın kısmı güzel durmadı katlandı boy kg göbek yok,fabric_quailty,negative,0,negative
daha önce defalarca kez aldığım ürün bu gelişinde maalesef önceli kalitesinde gelmedi hiç tok bir kumaşı yoktu dağılan bir kumaşı vardı önceki kalitesi yoktu maalesef,fabric_quailty,negative,0,negative
çok ince bir kumaş pantolon geldi parama yazık oldu,fabric_quailty,negative,0,negative
eskiden bu ürünün bir kalitesi vardı kumaşı çok güzeldi dikisleri ozenliydi kalıpları cuk olurdu şimdi kalıp saçma kumaş leş gibi kokuyor dikişler kötü ilk çıktığında aldığım ürünlerle bu son ürünlerin arasında dağlar kadar kalite farkı var en son urun aldım sini iade ettim kalanı da ihtiyacım olduğundan veremedin o da çok iyi değil bence almayın marka kendi kendini bozdu ya eskisi gibi özüne dönmeli ya da satışları olmamalı üzülerek söylüyorum bir marka niye kendini bunu yapar acaba,fabric_quailty,negative,0,negative
malzeme kalitesi kötü,fabric_quailty,negative,0,negative
kesinlikle avva kalitesine yakışmayan bir ürün i lk yıkamada saldı ve ilk giymede bitlendi,fabric_quailty,negative,0,negative
ürün bedeni çok küçük iki adet xxl aldım biri mor biri pembe olan mor olan en az beden küçük resimleri ekledim inceleyen görür altınyıldız marka adına hiç yakışmamış,fabric_quailty,negative,0,negative
asla abartıldığı kadar değil hatta muadil falan hiç değil zor kuruyan bir kumaşı var spora uygun değil boy kilo l beden bol geldi k alsam olurmuş,fabric_quailty,negative,0,negative
saçma sapan bir beden yapısı var kazak boyu kısa beden büyük renk aldım ikisinin dokusu da birbirinden farklı yumuşak bile değil,fabric_quailty,negative,0,negative
ürün kumaşı güzel ancak beden baya rahat kalıp bir beden küçük alın,fabric_quailty,neutral,1,positive
ürün güzel fakat m beden sipariş verdim s beden ebatinda m beden yapmışlar kardeşimin kullandığı altin yıldız polo yaka s bedenle karşılaştırdim ebat aynısı ürün kaliteli ona diyecek birsey yok lakin bedeni düzgün olmadıktan sonra istediği kadar kaliteli olsun iade edeceğim,fabric_quailty,neutral,1,positive
çok ince ve dar kumaşıda terletir,fabric_quailty,neutral,1,negative
geniş paça almama rağmen dar paça gönderildi neyse iade ile uğraşmadım giydim fakat kumaşı öyle kötüymüş ki tiftik tiftik oldu paça tarafı pütür pütür oldu fotoğraflarda görebilirsiniz hiç memnun kalmadım hiç beğenmedim bu mağduriyeti nasıl gidereceksiniz merak ediyorum çünkü az buz para değil,fabric_quailty,neutral,1,negative
kumaş kalitesini pek beğenmedim polyester oranı biraz yüksek fiyata göre idare eder,fabric_quailty,neutral,1,negative
çok begenemedim bence kumaşı falan kaliteli değil,fabric_quailty,neutral,1,negative
biraz ince kumaşı onun haricinde güzel,fabric_quailty,neutral,1,negative
hersey ne kadar abartiliyor anlamiyorum ne kalitesi ne kesimi ne fiyati uygun belki ilk basta kalitelidir bilemem ama suan gonderilen urun maalesef vasat,fabric_quailty,neutral,1,negative
ürün çok ince kalıbı dar,fabric_quailty,neutral,1,negative
bu alışım en sevdiğim en rahat jogger ancak her seferinde kumaş biraz daha incelmiş oluyor aldığım ilkinden daha çabuk tüylendi lütfen kaliteyi düşürmeyin kargo yavaştı paketleme her zamanki gibi güzel,fabric_quailty,neutral,1,negative
her rengi var bemde ama bu engelmiş kumaşı köyü geldi incecik çamaşırınızı çok belli ediyor pek beğenmedim,fabric_quailty,neutral,1,negative
ürün çok ince iç belli ediyor antrasit aldım ve çok dar oldu m beden aldım boyuda baya uzun oldu k boy iade edip siyah alıcam l beden alıp kestiririm boyunu iç belli etmez umarım kalitesi çok güzel,fabric_quailty,neutral,1,negative
kumaşı fena değil ama dikişleri çok kalitesiz i ndirimden uyguna aldığım için iade etmiyorum,fabric_quailty,neutral,1,neutral
model güzel günlük kullanımda ev ici kullanılabilir ancak kumaşı çok ince,fabric_quailty,neutral,1,negative
üzgünüm ama hiç de öyle ekstra yumuşak bi hali yok,fabric_quailty,neutral,1,negative
rengi kalitesi iyi kullanmaya başladık,fabric_quailty,neutral,1,positive
i çinden beyaz iplikler çıktı kaliteli duruyordu aslında,fabric_quailty,neutral,1,neutral
duz bir tisort hicbir ayricaligi yok insan bir isim yazar markayi belirtir yani bildiginiz duz kumasi kaliteli beden guzel ama boyum olmasina ragmen bi tik uzun kaldi yaka kismi bir kac kullanimdan sonra yuvarlaniyor giydiginde toparlaniyor duz kalsaydi daha iyi olurdu ama bu tur elbiseler en fazla iki gun giyildigi icin o kadar sorun olmuyor,fabric_quailty,neutral,1,positive
çok kaliteli değil koku yapacak bir kumaş görüntüsü güzel fakat terletiyor,fabric_quailty,neutral,1,negative
bence kaliteli değil hemen tüylendi saçma sapan bi hal aldı dikişleride yamuk gibi,fabric_quailty,neutral,1,negative
orta kalitede bir ürün fiyatına göre de ancak orta dereceli olabilir yüksek beklentisi olan tercih etmesin gündelik olarak alınabilecek bir ürün,fabric_quailty,neutral,1,neutral
eh işte çok kaliteli bir tayt değil birkaç kere yıkandı yıpranmaya başladı,fabric_quailty,neutral,1,neutral
kuponla ve indirimli olarak aldım fiyat kaliteyi karşılamadı kuponum olmasa bu fiyata asla almam,fabric_quailty,neutral,1,negative
kumaşı polyester ağırlıklı sağlıksız ve terleten bir kumaş,fabric_quailty,neutral,1,negative
fiyatına göre normal çok kaliteli bir ürün beklemeyin pamuklanma yapıyor kalın değil idare eder dışarda giymek için uygun değil evde kallanın için uygun,fabric_quailty,neutral,1,neutral
sanki eski kalitesi yok kumaşını bu sefer beğenmedim,fabric_quailty,neutral,1,negative
istediğim renk gelmedi geri göndermekle de ugraşmıycam ama ürün kaliteli dogruya dogru,fabric_quailty,neutral,1,positive
kendi bedeninizi alın kumaşı güzel ben bir büyük beden aldığımdan büyük geldi iade ettim,fabric_quailty,neutral,1,positive
ürün dikişleri güzel olmamış kumaş da yazın giyilmez yakar kumaşı sadece kesim güzel,fabric_quailty,neutral,1,negative
kumaşı iyi değil,fabric_quailty,neutral,1,negative
orta kalite çok iyi değil fiyatı ucuz olduğundan aldım,fabric_quailty,neutral,1,neutral
kumaş ve kalite çok iyi ben adet m beden aldım ancak beyaz rengi diğer renklere göre büyük geldi muhtemelen bedeni l bedendi ancak etiketini yanlış dikmişler diye düşünerek değişim talebinde bulundum bunu satıcıya izah ettim ve başka bir m beden göndermelerini istedim ancak ürünü değiştirmek yerine iade olarak kabul ettiler problem şu ki ben onu uygun bir fiyata almıştım şimdiyse fiyatı artmış durumdaydı allah tan hepsiburada yetkililere süreci çok iyi bir şekilde yönetip bana kupon tanımladılar ve aynı fiyata m bedenini tekrar aldım ve tahminim doğru çıktı ürün yanlış etiketlenmiş hepsiburada ya teşekkür ederim bu yaklaşımlarından dolayı altınyıldıza ise size gönderilen ürünlerin açıklamasını okumanızı tavsiye ederim bir puanıda altınyıldız nedeniyle kırdım,fabric_quailty,neutral,1,positive
çok kalın değil i nce sayılmaz fena değil orta kalite,fabric_quailty,neutral,1,neutral
sarımtırak rengini aldım mormal gri rengi geldi resimdekiyle aynı renk değil kumaşı güzel,fabric_quailty,neutral,1,positive
kumaşın sevemedim pek yazın çok sıcak oluyor kışın da üşüyorsun mevsimlik gibi merasiminde kısa olduğu bir ülkede çok kullanamadım hemen iplik de attı tüylenme de yaptı bende spor bir markanın on yıllık belki var yeni gibi duruyor o,fabric_quailty,neutral,1,negative
modeli rengi sarması çok güzel ama kumaş kalitesiz biraz yürüyün spor yapıyım deyince hemen terletiyor sanki,fabric_quailty,neutral,1,negative
boy kg normalde herşeyi m beden alırım tam olur ama maalesef bol geldi iade kumaşı güzel kaliteli fakat ince ama iç göstermiyor bir beden küçük alınmalı tayt gibi toparlamasını istiyorsanız,fabric_quailty,neutral,1,neutral
yıl önce aldığım eşofman altından aşırı memnun kaldığım için tekrar sipariş verdim ama ne o kumaş kalitesinden ne de dikiş düzgünlüğünden eser yok ülkedeki her şeyin kalitesi azalıyor maalesef,fabric_quailty,neutral,1,negative
rahatlığına olması iyi esnek fakat kumaş çok ince bende biraz daha tok bi kumaşı olabilirdi birde biyere değdiği zaman hemen ipleri çekiliyor çok hassas,fabric_quailty,neutral,1,negative
ürünün kalitesi güzel aslında bedeni de iyi gibi ama belindeki ince lastik kısmı o kadar dar ki resmen giyemedim i ade etmek zorunda kaldım,fabric_quailty,neutral,1,positive
i nanılmaz harika bir ürün rengi modeli kumaşı efsane s alırken tereddut etmiştim ama çok guzel oldu esnek çünkü,fabric_quailty,positive,2,positive
ürünler ince yazlık olarak alabilirsiniz ama bu kadar ince olup fiyatı pahalı,fabric_quailty,positive,2,positive
günlük kullanım için güzel giy çık türde bir kazak renk aldım kalitesi de güzel tavsiye ederim,fabric_quailty,positive,2,positive
göründüğü gibi kumaşı da kaliteli,fabric_quailty,positive,2,positive
aşırı güzel kumaşı var tavsiye ederim çok memnun kaldım kaliteli ve güzel,fabric_quailty,positive,2,positive
güzel ürün biraz ince sadece ama duruşu çok güzel tam kalip,fabric_quailty,positive,2,positive
kumaşı çok güzel severek giyiyor eşim için aldım,fabric_quailty,positive,2,positive
geçtiğimiz yıllarda aldigimiz ayni altınyıldız kalitesini bu tişört ye bulamadik i nce yapilive diri durmayan salaş bı kumaş hâli var bu neden böyle anlayamadım doğrusu,fabric_quailty,positive,2,negative
kalite uygun fiyat,fabric_quailty,positive,2,positive
ürünün farklı rengini aldım pamuk polyester bunu bilerek alın özellikle adana mersin antalya gibi hem nemli hem sıcak yerlerde üzerinize yapışır renkler arası kesim farkı var beyaz ve lacivert olanların omuzları düşük geldi ancak diğer renklerin hem boyu hem de omuzları gayet uygun kıvrılmaz yaka özelliği var güzel bir şey renkler çok parlak değil daha soft renkler özellikle mavi pembe yeşil ve gri çok güzel görünüyor biraz orta yaş üstü gibi duruyor çok genç işi değil göğsünde üzerinde herhangi bir logo yazı filan yok böylece kendinizi reklam panosu gibi hissetmiyorsunuz bunu bilerek özellikle tercih ettim ancak yaka düğmelerinin hepsinde altınyıldız yazısı var boy kilogram xl güzel oldu hafif göbekli olduğum için x large tercih ettim kesiminin slim fit olduğunu unutmayın tercihinizi buna göre yapın son olarak altınyıldız kalitesinde olduğunu tahmin ediyorum,fabric_quailty,positive,2,positive
kaliteli bir kazak,fabric_quailty,positive,2,positive
yumuşacık incecik müthiş bir kazak sıcacık tutuyor,fabric_quailty,positive,2,positive
günlük kullanım için gayet güzel çok güzel pamuklu ve kaliteli çok güzel yumuşak bir kumaşı var çok tarz bir ürün tavsiye ederim,fabric_quailty,positive,2,positive
kg xl tam oldu kalite süperrr,fabric_quailty,positive,2,positive
yoruma gerek bile yok aslında çok yumuşak çok kalıteli fiywtta gayet uygun,fabric_quailty,positive,2,positive
bu markanın ürünleri stil çizgisi hoşuma gitti ürünleri kaliteli ve bu hissi de veriyor i ndirim sırasında aldım fiyat performans ürünü diyebilirim tavsiye ederim,fabric_quailty,positive,2,positive
çok rahat ve kaliteli bir ürün teşekkürler harika bir basic tişört,fabric_quailty,positive,2,positive
tam beden kalitesi de çok iyi çok beğendim,fabric_quailty,positive,2,positive
kumaşı kalitesi harika hafif dökümlü çok şık duruyor bedeninizi alabilirsiniz,fabric_quailty,positive,2,positive
kalitesi güzel,fabric_quailty,positive,2,positive
çok iyi kumaşı da güzel kumaşı harika cok begendik tesekkurler,fabric_quailty,positive,2,positive
boy kilo m beden oldu gayet güzel kaliteli bir ürün,fabric_quailty,positive,2,positive
ürün kalıbı çok güzel kumaşı naylon o biraz gıcık edici tam kalıp boy kilo m beden tam oldu s alsam dikişler cırtlayabilir giyerken rahat bir tayt,fabric_quailty,positive,2,negative
kalitesi güzel normalde giydiğiniz bedenden beden büyük alırsanız rahatça giyebilirsiniz i ndirimle çok uygun bir fiyata aldım teşekkürler hb,fabric_quailty,positive,2,positive
boy ve kilo için xs ideal oluyor kumaş kalitesi çok iyi kışın gayet sıcak tutuyor,fabric_quailty,positive,2,positive
kaliteli ucuz,fabric_quailty,positive,2,positive
cm kg large aldım tam bedenime göre oldu gerekli bolluk sıkılıkta kumaşı da çok güzel altınyıldız kalitesi diyorum,fabric_quailty,positive,2,positive
çok kalın değil ama kaliteli bir ürün tavsiye ederim,fabric_quailty,positive,2,positive
bu marka bu fiyata kaliteli olması da cabası teşekkür ederiz,fabric_quailty,positive,2,positive
kumaşı çok güzel kilo eşime xxl aldık çok rahat oldu,fabric_quailty,positive,2,positive
kumaş kalitesi çok güzel ve şık,fabric_quailty,positive,2,positive
gayet güzel fiyatı uygun kalitesi iyi,fabric_quailty,positive,2,positive
dokusu ve görüntüsü çok güzel göründüğü gibi kumaşı da çok güzel çok güzel yumuşacık bir ürün,fabric_quailty,positive,2,positive
tam bedeninizi alabilirsiniz güzel ve kaliteli,fabric_quailty,positive,2,positive
gayet kaliteli bir beden büyük tercih etmeniz iyi olacaktır,fabric_quailty,positive,2,positive
cok rahat ve kaliteli bir urun dokusu ve görüntüsü çok güzel teşekkürler göründüğü gibi kumaşı da çok güzel fiyat performans ürünü güzel ve kaliteli duruşu çok şık ve güzel çok tarz ve güzel bir ürün,fabric_quailty,positive,2,positive
tam beden çok uzunda değil kısa boylular tercih edebilir günlükte kullanıyorum diz de yapmayan bir kumaş siyahını daha çok kullanıyorum ama bunuda sevdim,fabric_quailty,positive,2,positive
harika fotografta göründüğü gibi zaten kalitesi tartışılmaz,fabric_quailty,positive,2,positive
erkek arkadaşıma aldım çok tatlı bi rengi var ve kaliteli bi ürün,fabric_quailty,positive,2,positive
bedeninizi alın kaliteli güzel,fabric_quailty,positive,2,positive
kaliteli güzel ürün hızlı gönderdiler teşekkürler,fabric_quailty,positive,2,positive
ürün kalitesi çok güzel tavsiye ediyorum,fabric_quailty,positive,2,positive
eşime ilk defa bu mağazadan eşofman altı aldım gayet iyi paketleme ve nazik bir not ile gönderildi kalitesini çok beğendim teşekkür ederim tekrar alacağım,fabric_quailty,positive,2,positive
harika bir ürün süper kaliteli renk var bende,fabric_quailty,positive,2,positive
kalitesi çok güzel eşim boy kilo m beden aldık tam oturdu biraz bol isterseniz l beden alabilirsiniz fp ürünü,fabric_quailty,positive,2,positive
ürün rengi resimde olduğu gibi kumaşı ince dört gün sonra kargoya verildi elime geçmesi tam bir haftayı buldu babalar gününe yetişemedi,fabric_quailty,positive,2,positive
ürün gayet kaliteli hızlı kargo için teşekkürler,fabric_quailty,positive,2,positive
kumaşı çok güzel,fabric_quailty,positive,2,positive
kumaşı yumuşak,fabric_quailty,positive,2,positive
aşırı güzel kumaşı var tavsiye ederim fiyati uygun ve kaliteli tavsiye ederim güzel ve kaliteli tavsiye ederim çok güzel yumuşak ve kaliteli çok tarz pamuklu kumaşı var her zamanki gibi harika bir ürün,fabric_quailty,positive,2,positive
polo yaka penye bir t shirt altınyıldız diye aldım paraya zamana yazık asla kaliteli falan değil kenara attım poşette bekliyordu ihtiyacım oldu açtım penye tşirt zaman geçtiği içi geride gönderemedim,packaging,negative,0,negative
hem lekeli geldi hem yırtık,packaging,negative,0,negative
paketleme çok kötüydü,packaging,negative,0,negative
ürünü kontrol etmeden yırtık bir şekilde göndermişler,packaging,negative,0,negative
aynı üründen kez alıyorum ama böyle kötü paketleme ile ilk defa karşılaştım başkasının iade ettiği ürünü poşetini dahi değiştirmeden bana kargolamış satıcı bu ne düşüncesizlik ne özensizlik böyle sanki para verip satın almıyoruz da çöpe atar gibi ürün göndermişsiniz ayıptır,packaging,negative,0,negative
boya kiloyum l beden aldım beden olarak bir sıkıntı yoktu fakat duruşu ve kumaşı çok kötüydü ağ kısmı ön tarafta katlanıyordu ve kumaş naylon poşet giymiş gibi bir his verdi duruşu belki kilo ve beden yapımla alakalı olabilir ama kumaş kesinlikle çok kötüydü aynı markanın başka ürününü de aldım ama o bu kadar kötü bir malzemeden değildi i ade etmek durumunda kaldım çünkü evde bile giyeceğimi sanmıyordum paketleme vesaire gayet iyiydi üzülerek kumaş ve duruştan düşük puan veriyorum,packaging,neutral,1,positive
ürün kargo poşetinden ip çekilmiş şekilde çıktı,packaging,neutral,1,negative
oldukça kaliteli ürün boy kgyim l biraz bol kaldı ürüne alacak olanlar dikkat etsin paketleme gayet özenliydi tavsiye ederim,packaging,positive,2,positive
siz şakamısınız çok iyi paketleme çok iyi ürün bir tekstilci olarak söylüyorum hayran kaldım kalitenize özeninize kesinlikle tam beden alın ben doğum yaptım zayıflama aşamasındayım zayıfladıkça alacağım mükemmel,packaging,positive,2,positive
ürün resimde gördüğünüz gibi geldi ambalajı sağlam ve hızlı bir şekilde geldi,packaging,positive,2,positive
ürün görüldüğü ben beğendim boy kilo xl aldım biraz bol severim ben güzel oldu paketleme kargo iyi,packaging,positive,2,positive
daha kullanmadım ama paketlemesi ve dokusu cok güzeldi bunun için teşekkür etmek istedim,packaging,positive,2,positive
derya balta önerisiyle aldığım ilk kıyafet açıkçası ben beğendim boyum large aldım bacak boyu bilekte denildiği gibi kısa gelmedi teşekkür ederim satıcıya da hızlı gönderim güzel paketleme,packaging,positive,2,positive
ürün numara mağaza puan ancak eder tek seferde ürün aldım hepsi ayrı günde ayrı ayrı geldi işimiz gücümüz yok kargo poşeti yırtıyoruz,packaging,positive,2,negative
ürün çok kaliteli kargo hızlı geldi paketlemede güzeldi,packaging,positive,2,positive
teşekkürler paketleme güzel tavsiyeye ederim,packaging,positive,2,positive
henuz paketi acma fırsatım olmadı geldi ama daha once almıştım harika kalite de,packaging,positive,2,positive
kg l beden süper tam oturdu bu fiyata bu ürün bedava kesinlkle tavsiye ederim paketleme super teşekkür ederim,packaging,positive,2,positive
hızlı teslimat özenli paket elinize sağlık ürün ne kalın ne ince günlük kullanıma çok uygun cm kg xl tam oldu teşekkür ederim,packaging,positive,2,positive
hızlı kargo güzel paketleme ürün beklediğimiz gibi teşekkürler,packaging,positive,2,positive
ürün harika kesimi duruşu kumaşını çok beğendik bir tane daha aldık tam bedeninizi alın eşim beden l tam oldu kargo ve paketlemede iyiydi teşekkürler emeği geçen herkese,packaging,positive,2,positive
ürün kalitesini beğendim paketleme ve kargo güzeldi yaş kg boy tam oldu hatta hafiften boşluk bile var tavsiye ederim kesinlikle alın,packaging,positive,2,positive
kaliteli malzeme özenli paketleme ve hızlı kargo daha ne isteyeyim,packaging,positive,2,positive
çok kötü lcw ile uzaktan yakından alakası yok aynı bedenin laciverti bol grisi dar geldi kesimleri kötü hakkı fiyatının en fazla yarısı,price,negative,0,negative
tavsiye üzerine aldım ancak beğenmedim kumaşı çok ince tok durmuyor özellikle paçaları kötü duruyor ve bence boyu daha uzun olmalıydı i ade etmek istedim ancak kampanyalı alınan tüm ürünleri iade etmem gerekiyormuş bu sebeple vazgeçtim çünkü diğer ürünleri çoğunlukla beğenmiştim kampanya döneminde alanlar buna dikkat edebilir,price,negative,0,negative
çok ince ve basit bu fiyatı hak etmiyor laylon resmen,price,negative,0,negative
kalitesi kötü ince naylon kasım kampanyasından alınanları kalite gönderdiler,price,negative,0,negative
bir ay oldu alalı hemen araları açılıyor ucuz olabilir ama bir ayda bu kadar olmaz yani alacak olanlar ona göre alsın derim bol aldım dar felan da değil yani,price,negative,0,negative
fiyatına göre kaliteli değil artı bir beden büyüğü alınmalı,price,negative,0,negative
daha once bir cok urununu aldim fakat kalite iyice dusmus kesinlikle fiyatini hak etmiyor çok ince,price,negative,0,negative
fiyat performans kazağı derseniz evet ama kaşmir yumuşaklığı söz konusu değil bildiğiniz ince triko kazak i ndirim fiyatıyla gayet makul,price,neutral,1,positive
kumaşı cok güzel ve kaliteli fiyata göre ürün güzel tavsiye ederim göründüğü gibi kumaşı da gayet güzel boy kg xl tam oturdu xxl alsam daha rahat olurmuş,price,neutral,1,positive
kumaş kalitesini pek beğenmedim polyester oranı biraz yüksek fiyata göre idare eder,price,neutral,1,neutral
kumaş ve kalite çok iyi ben adet m beden aldım ancak beyaz rengi diğer renklere göre büyük geldi muhtemelen bedeni l bedendi ancak etiketini yanlış dikmişler diye düşünerek değişim talebinde bulundum bunu satıcıya izah ettim ve başka bir m beden göndermelerini istedim ancak ürünü değiştirmek yerine iade olarak kabul ettiler problem şu ki ben onu uygun bir fiyata almıştım şimdiyse fiyatı artmış durumdaydı allah tan hepsiburada yetkililere süreci çok iyi bir şekilde yönetip bana kupon tanımladılar ve aynı fiyata m bedenini tekrar aldım ve tahminim doğru çıktı ürün yanlış etiketlenmiş hepsiburada ya teşekkür ederim bu yaklaşımlarından dolayı altınyıldıza ise size gönderilen ürünlerin açıklamasını okumanızı tavsiye ederim bir puanıda altınyıldız nedeniyle kırdım,price,neutral,1,neutral
fiyatına göre çok iyi bir ürün bedeninizi alabilirsiniz,price,positive,2,positive
fiyatına göre iyi ürün teşekkürler kumaşı çok güzel severek giyiyorum,price,positive,2,positive
çok güzel geldi severek kullanıyorum kumaşı fiyatına göre kaliteli ve şık çok güzel yumuşak ve kaliteli cok rahat ve guzel bir urun,price,positive,2,positive
normalde beden giyiyorum aldım tam oldu fiyatına göre uygun dikişler kaliteli teşekkürler,price,positive,2,positive
çok güzel yumuşak kumaşı var güzel ürün uygun fiyatlı tavsiye ederim fiyatına göre ideal bir urun çok şık ve kumaşı harika çok güzel pamuklu bir kumaşı var çok tarz bir ürün tavsiye ederim,price,positive,2,positive
cok guzel yumusacik dokusu var fiyatina gore cok iyi bir urun tesekkurler,price,positive,2,positive
güzel kaliteli uygun fiyat teşekkürler hepsiburada ve altın yıldız a,price,positive,2,positive
çok kaliteli değil fiyat performans,price,positive,2,positive
tam bir fiyat performans ürünü,price,positive,2,positive
beden ölçünüz ne ise o beden tercihi yapın kumas kalitesi yeterli kalite indirimli fiyattan almisdim gönül rahatlığıyla tercih edebilirsiniz,price,positive,2,positive
ürün çok güzel kaliteli ve fiyatı da uygundu,price,positive,2,positive
kaliteli ama kumas ince beyaz camasir gysen gorunur indirimsiz fiyati pahali bu kadar etmez,price,positive,2,negative
kumaşı duruşu çok güzel bu fiyata tavsiye,price,positive,2,positive
fiyat performans açısından mükemmel oldukça kaliteli duruyor ve çok rahat kiloyum boyum xxl umutsuzca aldim ama cok rahat oldu,price,positive,2,positive
kumaşı yumuşak rahatsız etmiyor görünümü şık dışarıda özellikle seyahatlerde giyiyorum bir kaç rengini aldım fiyatının çok üzerinde kaliteli görünümü bar çok kalın kalıp gibi tok bir materyal beklemeyin ama incecik de değil orta kalınlıkta,price,positive,2,positive
hamilelik sürecimde üç adet farklı renklerde aldım fiyat performans ürünü kesinlikle indirimleri takip edip indirimde iken aldım birkaç adet almak isterseniz indirimleri takip edin derim,price,positive,2,positive
ürün fiyat performans ürünü olarak indirimdeyken aldım,price,positive,2,positive
kaliteli ürün pamuk naylon onu bilerek alın indirimde aldım kg l tam oldu,price,positive,2,positive
kumaşı fiyatına göre kaliteli bir ürün aşırı güzel kumaşı var çok beğendim bayıldım çok güzel ve kaliteli,price,positive,2,positive
pamuk oranı düşük ince dokuma taşlık bir ürün tam beden alınabilir eşim çok beğendi fiyata göre ürün güzel ve kullanışlı,price,positive,2,positive
fiyat olarak gayet kaliteli bekledigimin üstünde,price,positive,2,positive
kumaşı fiyatına göre kaliteli ve şık dokusu ve görüntüsü çok güzel kumaşı çok rahat ve kaliteli teşekkürler,price,positive,2,positive
aşırı güzel kumaşı var kaliteli fiyat performans ürünü gayet iyi duruşu çok şık ve rahat,price,positive,2,positive
aşırı güzel kumaşı var kaliteli indirimde çok uyguna geldi memnun kaldım,price,positive,2,positive
fiyat performans ürünü fena değil ama biri hatalı geldi i ade için uğraşmak istemedim,price,positive,2,positive
gayet güzel uygun fiyat altınyıldız kalitesi kesimi düzgün ve kalıbı rahat kg cm boy m beden tam oldu,price,positive,2,positive
kampanyalı uygun fiyata geldi hepsi harika,price,positive,2,positive
bu fiyata gayet güzel ürün,price,positive,2,positive
göründüğü gibi gayet güzel fiyatına göre iyi ürün teşekkürler,price,positive,2,positive
hem indirimdeydi hemde ilk alışverişe özel indirim vardı iki rengini beraber aldım ve coķ çok beğendi eşim pandemi süreci ve sokağa çıkma yasağı olmasına rağmen kargom çok iyi zamanda geldi teskkurler,price,positive,2,positive
fiyatına göre gayet iyi kalıbı göbekliyseniz biraz dar gelebilir bel kısmından elle açtırmak gerekiyor omuzlar ve kol tam oldu,price,positive,2,positive
fiyati uygun kaliteli bir ürün çok şık ve kumaşı güzel,price,positive,2,positive
uygun fiyat kaliteli teşekkürler,price,positive,2,positive
kalıbınıza göre alabilirsiniz kampanyalı fiyattan aldım mağazaya göre çok uyguna satın aldım avva tarafından gönderim sağlanmıştır,price,positive,2,positive
fiyatına göre kumaş kalitesi çok iyi i yi günlük kullanım için ideal kumaşı kaliteli ve çok şık çok tarz ve kaliteli bir ürün aynen göründüğü gibi rengi de çok güzel çok iyi kumaşı da güzel,price,positive,2,positive
daha önce mağazadan aldım çok beğenerek giyiyorum kampanya varken kaçırmadan rengini daha aldım gayet güzel paketlenmiş slim fit yazdığına bakmayın regular gibi,price,positive,2,positive
bu fiyatta böyle ürün inanılmaz,price,positive,2,positive
çok bi kaliteli değil ama fiyatına göre alınabilir,price,positive,2,positive
severek kullanıyorum her indirimde farklı model veya renginden alırım,price,positive,2,positive
kumaşı fiyatına göre kaliteli ve şık çok güzel fotoğrafta görüldüğü gibi bedeninize göre almanız tavsiye olunur,price,positive,2,positive
görseldeki gibi fiyatına göre gayet güzel fiyatına göre ideal bir ürün günlük kullanım için gayet iyi çok güzel bir ürün tavsiye ediyorum cok rahat ve guzel bir urun,price,positive,2,positive
güzel ürün fiyat performans,price,positive,2,positive
çok kaliteli güzel bir ürün fiyatı biraz yükselmiş aldığım fiyata gelirse tekrar sipariş vericem,price,positive,2,positive
lacivert ve siyah iki adet aldım oğlum için fena değil kumaş olarak rahat bir ürüne benziyor hızlı geldi içinde not vardı satıcı kardeşim piyasaya kendini tanıtmaya çalışıyor çabası ve emeğine olumlu bakıyor alacak olanlara bu fiyata çok uygun ürün olarak tavsiye ediyor kolaylıklar ve başarılar diliyorum,price,positive,2,positive
uygun fiyat ve kesimi güzel,price,positive,2,positive
tam pamuklu değil fakat fiyatına göre gayet makul,price,positive,2,positive
fiyat performans ürünğ,price,positive,2,positive
aynı fotoğraftaki ürün gibi çok güzel kumaş ve kalite çok güzel fiyatına göre iyi ürün teşekkürler kumaşı harika cok begendim tesekkurler cok rahat ve guzel bir urun görseldeki gibi fiyatına göre gayet güzel,price,positive,2,positive
kumaşı duruşu çok güzel ve tam kalıp çok güzel renkleri canlı ve kaliteli göründüğü gibi kumaşı da güzel fiyatına göre kumaş kalitesi çok güzel güzel ürün uygun fiyatlı tavsiye ederim çok güzel yumuşacık bir ürün,price,positive,2,positive
dünyanın en güzel eşofmanı o kadar rahat ki üstünüzde yokmuş gibi hissedersiniz i ç belli etmiyor boy kiloya m beden tam oldu tayt gibi de değil böyle bol bol da değil fiyatını fazlasıyla hak ediyor mükemmel,price,positive,2,positive
tamam kargo çok hızlı günde elime ulaştı ama ben siyahlı grili olanı sipariş vermiştim ama bana gelen ürün dümdüz siyah böyle bir saçmalık nasıl oluyor anlamıyorum siyah istesem siyah sipariş ederdim fotoğrafta ekledim,shipping,negative,0,positive
kaç gün gecikti ürün glmedi stokta kalmadı da diyemiuolar gün sonra para iadesi yapıyolar,shipping,negative,0,negative
düşük yıldız verdiğim için belki yayınlanmayacak ama yine de yazmak istedim ürünü satın aldıktan gün sonra stokta yok deyip iptal eden altınyıldız firmasına soru sorunca okuma ve yazma yapmadan anlama zahmetine katlanmadan otomatik cevap veriyor hepsiburada da hiç karşılaşmadığım şekilde günde teslimat yapılıyor ne firma ne kargo anlayışı bir daha almaya değer değil indirim dahi yapsa asla bir daha tercih etmem ürüne gelince daha pamuklu bir ürün bekliyordum polyester oranı daha yüksek geldi elimde naylon hissiyatı veriyor boy kg xl gayet iyi oldu l sıkardı diye düşünüyorum,shipping,negative,0,negative
ürün iyi de mağaza da sorun var aynı gün aynı mağazada kaç tane ürün aldım hepsi ayrı ayrı parçaparça geldi ürün yoksa bekletin tek kargo yapın,shipping,neutral,1,negative
ürünü beğendim ama ürün çok geç kargoya verildi babalar günü için almıştım ama kargo bugün elime geçti,shipping,neutral,1,negative
hizli kargo ve kaliteli ürün teşekkür ederim,shipping,positive,2,positive
beklediğim kargo idi gelir gelmez giydim yok böyle bir eşofman alın aldırın renk almıştım şimdi diğer renklerini de alacağım teşekkürler,shipping,positive,2,positive
kargo paketleme çok iyi ürün de beklediğim gibi geldi teşekkürler,shipping,positive,2,positive
çok güzel paketleme kargo çok özel kendimizi özel hissettirdi üründe beden ve kalite olarak gayet güzel devamlı alıyoruz,shipping,positive,2,positive
kargo hizli paketleme güzel saticiya hayirli bol kazançlar di leri m,shipping,positive,2,positive
kargo ve ürün gayet iyi,shipping,positive,2,positive
çok hızlı geldi kalitesi de fena değil ancak şu bel bağlama iplerini kısaltınca zengin mi olacaklar anlamadığımdan dolayı bir puan kestim,shipping,positive,2,positive
ürünün dokusu ve rengi çok güzel tam beden hızlı kargo,shipping,positive,2,positive
kalitesi gayet güzel ama beden olarak bir beden büyük alınmalı hızlı kargo,shipping,positive,2,positive
cok kalitekiydi hizki kargo icin teşekkürler,shipping,positive,2,positive
urun çok güzel kargosuysa sıkıntısız geldi,shipping,positive,2,positive
ürün boy ve beden olarak güzel kargo süper hızlı hepsi ekprese teşekkürler,shipping,positive,2,positive
altınyıldız kalitesi ve hızlı kargolama teşekkürler,shipping,positive,2,positive
çok güzel kaliteli kolay kolay bişi beğenmeyen eşim tam not verdi hızlı ve sorunsuz teslim edildi boy kg xl aldık iyi oldu,shipping,positive,2,positive
ürün güzel fakat çok gec kargolandi,shipping,positive,2,negative
ürün güzel beğendim sadece birinin lastik yerinde dikiş hatası vardı onun dışında sorunsuz teslim aldım memnunum tavsiye ederim,shipping,positive,2,positive
hediye aldım hızlı kargo ve güzel ürün diyebilirim,shipping,positive,2,positive
ürün numara mağaza puan ancak eder tek seferde ürün aldım hepsi ayrı günde ayrı ayrı geldi işimiz gücümüz yok kargo poşeti yırtıyoruz,shipping,positive,2,negative
hızlı kargo ürün yumuşacık ve çok kaliteli almak isteyenler düşünmeden tereddüt etmeden alabilir,shipping,positive,2,positive
güzel ürün anında teslimat,shipping,positive,2,positive
rahat kalıbı ile spor yapmak çok keyifliydi ayrıca hızlı kargo için tekrar teşekkür ederim,shipping,positive,2,positive
dün sipariş verdim bugün elimdeydi hızlı teslimat ürün kalitesini de çok beğendim,shipping,positive,2,positive
geç teslimat ama ürün çok güzel kesinlikle bir iki beden küçük gösteriyor karnı toparlıyor,shipping,positive,2,negative
kalitesi kumaşı çok hoş ayrıca neredeyse günde kapıma geldi hızlı kargolama için de ayrı teşekkür ederim,shipping,positive,2,positive
kargo beklediğimden erken geldi ürün gerçekten güzel,shipping,positive,2,positive
mükemmel kalite uygun fiyat ve hızlı kargo teşekkürler,shipping,positive,2,positive
mükemmel kalite dokusuna bayılmadım kargo hemen geldi,shipping,positive,2,positive
kumaşı falan gayet güzel yıkadıktan hiç sıkıntı olmadı ama bir beden büyük alın diyenler var sakın almayım ki benım eşimin göbeği oldugu halde yani onlara güvenip aldık iade ettim tekrar alıp kargo parası verdim onlar yüzünden ilkinde kargo bedavaydı,shipping,positive,2,positive
hızlı kargolandı aynı anlatıldığı gibiydi teşekkürler,shipping,positive,2,positive
parasına göre ürün çok iyi kargolamada gayet hızlı,shipping,positive,2,positive
ürün rahat modeli de güzel satıcı ilgili benim hatam dolayısıyla kargoda sorun olmasına rağmen tekrar gönderdiler teşekkürler,shipping,positive,2,negative
hızlı teslimat özenli paket elinize sağlık ürün ne kalın ne ince günlük kullanıma çok uygun cm kg xl tam oldu teşekkür ederim,shipping,positive,2,positive
kilo l harika oldu teslimat hızlıydı eşofman rahat ve kullanışlı derecede yıkadım çekme olmadı,shipping,positive,2,positive
hızlı teslimat,shipping,positive,2,positive
polyester pamuk karışımı olduğu için eşim giymek istemedi iade etmek zorunda kaldım rengi bedeni duruşu çok güzel teslimat hızlı paketleme özenliydi teşekkürler,shipping,positive,2,positive
kumaşı çok ince ancak bu paraya bu kaliteden fazlasını beklemek de zaten aşırı beklentiye girmek olurdu altınyıldız imzası var dikimi falan güzel en azından bu arada rengi gerçekten çok hoş hızlıca da kargoya verildi,shipping,positive,2,positive
gayet güzel kullanışlı teşekkürler hızlı kargolama için,shipping,positive,2,positive
,size_fit,negative,0,negative
bedenler berbat eşim için tane aldık xl sipariş verdik tayt gibi oldu,size_fit,negative,0,negative
boy kilo l beden xl gibi durdu aşırı geniş geldi bana ölçüleri birde pamuk o ayrıntıya dikkat edin,size_fit,negative,0,negative
kaşmir olmadığını biliyordum kaşmir görünümlü diye aldım ama alakası yok çok ucuz duruyor ayrıca s giyiyorum m aldım dökümlü dursun diye ama daracık oldu,size_fit,negative,0,negative
i ade yanlış ürün göndermişler hem beden hem renk itinasız kumaş kalitesiz,size_fit,negative,0,negative
elime alıralmaz bu be kullanılmış mı dedim lastiği daha paketten çıkarken kaymıştı buruşmuştu medium olup large almama rağmen dar geldi giyemedim lastiği esnekliği falan kötü i adesiyle uğraşıcam,size_fit,negative,0,negative
,,,,
kg arası kesinlikle l beden almalı bence m aldım kısa geliyor,size_fit,negative,0,negative
ürünü hatalı beden gönderdiniz normal ebatlarda değişim talep ettiğimde ise stok yok şeklinde bildirim ile iade durumuna getirdiniz halbuki stoklarınızda ürün bulunuyor ne düşünmeliyim ürün fiyatı arttığı için tekrar sipariş oluşturmaya zorlamanızı mı,size_fit,negative,0,negative
eşime aldım kadın şeyi göndermişler beli ince paçaları bol içine giremedi bile iade de edemedim kaldı elimde beğenmedim kumaşı da ince,size_fit,negative,0,negative
yanlış gönderilmiş dar paça bunca emeğe yazik,size_fit,negative,0,negative
bir beden buyuk hatta iki beden bile olabilir,size_fit,negative,0,negative
,,,,
asla abartıldığı kadar değil hatta muadil falan hiç değil zor kuruyan bir kumaşı var spora uygun değil boy kilo l beden bol geldi k alsam olurmuş,size_fit,negative,0,negative
l bedeni nasıl s beden gönderirsiniz günlerdir sizi bekliyorum,size_fit,negative,0,negative
,,,,
bir beden büyük alın,size_fit,negative,0,negative
yanlış beden yolladılar,size_fit,negative,0,negative
,,,,
tam bedenim olmasına rağmen koltuk altı ikinci giymem de yırtıldı,size_fit,negative,0,positive
yanlıs beden ve renk gönderildi ama urun kalıtelı,size_fit,negative,0,negative
urun gayet iyi tam oturuyor bedeninizi alın,size_fit,negative,0,positive
anrasit renk l beden istedim lacivert xl gönderilmiş bedavadan güzel yorum beklemek yerine işinizi doğru yapmak sizin için daha hayırlı olacaktır saygılarımla,size_fit,negative,0,negative
daha önce siyahını aldım aynı beden laci aldım asla aynı beden değil çok daha dar sebep nedir acaba,size_fit,negative,0,negative
o kadar çok övülmüş ki beklentiyi yuksek tuttum tabiki mahallede esohman satan yerlerdende ayni bu kumas bulunabilir beli cok yuksek degil gobek ortasinda kaliyor ve de selulitleriniz varsa belli ediyor arkadaslar hamile olanlar tercih edebilir rahatlikla esnek kumas oldugu icin yazilmis ama naylon bi ürun hamileler icin aslinda zararli baya bildigin kaşındırıyor naylon urunler beni boy kg l aldim tam oldu tayt gibi durmadi tercih edilebilir,size_fit,neutral,1,positive
ürün kaliteli olabilir ama çok dar kalıbı,size_fit,neutral,1,negative
,,,,
,,,,
yaka kısmı defolu beden tam oldu üzerinden,size_fit,neutral,1,positive
normalde l beden giyiyorum gayet güzel salaş da duruyor xl sipariş verdiğim halde dapdar gözüküyor etiketli olan yeni diğerleri l beden bende olanlar,size_fit,neutral,1,negative
geniş paça almama rağmen dar paça gönderildi neyse iade ile uğraşmadım giydim fakat kumaşı öyle kötüymüş ki tiftik tiftik oldu paça tarafı pütür pütür oldu fotoğraflarda görebilirsiniz hiç memnun kalmadım hiç beğenmedim bu mağduriyeti nasıl gidereceksiniz merak ediyorum çünkü az buz para değil,size_fit,neutral,1,negative
,,,,
çok ince ve çok esnek bir beden küçük almanızı tavsiye ediyorum kargo gayet özenliydi yanı fiyata gore normal bence,size_fit,neutral,1,negative
öncelikle bu tshırtlerın asagı yukarı tum renklerını farklı zamanlarda aldım boy kg l beden aldım tum tshırtlerde yıkamadan sonra karın bolgedınde çekme sorunu yasadım yıkama kurallarına genelde riayet ederım alacaklar bır buyuk bedenını slsınlar ayrıca grı rengınde omux bolgesınde dıkış acıklıgı oldugunu fsrkettım alırken bu faktorlerı goz onunde bulundurun,size_fit,neutral,1,negative
i çine ne giyersen olduğu gibi gösteriyor bi beden değil beden büyük alınmalı kalıbı çok dar kol boyu kısa,size_fit,neutral,1,negative
bu kadar çok övülmesine rağmen beğenmedim malesef tam bedenimi aldım dar değildi bir kere yıkandı ve dikişleri sökülmüş,size_fit,neutral,1,positive
hiç abartılacak bir ürün değil tayt kumaşında tam bedenimi aldığım halde pot durdu,size_fit,neutral,1,negative
beden küçük kaliteli büyük alın bir de ince hafif soğuklarda ideal,size_fit,neutral,1,negative
renk ve beden uymadı üzülerek geri iade resimdeki ile ilgisi yok,size_fit,neutral,1,negative
l beden sipariş vermiştim m beden geldi daha özenli ve dikkatli olunmasını beklerdim mecburen iade ediyorum,size_fit,neutral,1,negative
boyu çok uzun kendi bedeninizi alabilirsiniz,size_fit,neutral,1,positive
ürünün rahatlığına diyecek sözüm yok üç rengini de aldım normalde m beden giyerim s aldım fakat üçünde de ilk giyişte yıpranmalar oldu bakın henüz ilk giyişimde,size_fit,neutral,1,neutral
,,,,
çok memnun kaldığım bir ürün aynısından çok sık giydiiğim için ye sipariş verdim fakat beden çok küçüktü üretimde bir sorun olduğunu düşünüyorum üzülerek iade edeceğim,size_fit,neutral,1,positive
evet duruşu güzel ve rahat ama ilk yıkamada bile çıkmayan o buram buram plastik naylon kokusu çok rahatsız edici bu kadar naylon olduğunu bilsem almazdım açıkçası,size_fit,neutral,1,positive
bi beden küçük alınabilir boy kilo m beden bol durdu s beden olmadığı için mecbur bol giyicem,size_fit,neutral,1,neutral
,,,,
,,,,
boy kg normalde herşeyi m beden alırım tam olur ama maalesef bol geldi iade kumaşı güzel kaliteli fakat ince ama iç göstermiyor bir beden küçük alınmalı tayt gibi toparlamasını istiyorsanız,size_fit,neutral,1,negative
tayt güzel ama hiç toparlayıcı değil çorap giymiş gibi hissettiriyor toparlayıcı şık dursun istiyorsanız istediğiniz gibi durmaz bi beden küçük alın,size_fit,neutral,1,negative
ürün güzel fakat m beden sipariş verdim s beden ebatinda m beden yapmışlar kardeşimin kullandığı altin yıldız polo yaka s bedenle karşılaştırdim ebat aynısı ürün kaliteli ona diyecek birsey yok lakin bedeni düzgün olmadıktan sonra istediği kadar kaliteli olsun iade edeceğim,size_fit,neutral,1,negative
ürün kumaşı bana ince geldi boy kilo için m beden giyilebilir tam oturdu lakin l benden daha iyi olacaktır yazlık bir ürün gibi duruyor görünüşü polyester gibi değil esnek gelmedi bana evde ve günlük kullanıma uygun ama gezi yada dışarda giyerseniz çok premium durmaz fiyatı ürüne göre biraz pahalı fiyat performans ürün değil bana göre keşke herkes böyle açıklayıcı yorumlar yapsa,size_fit,neutral,1,neutral
ürün gerçekten güzel ve tam kalıp arkadaşlar meriç keskin önerisiyle aldım memnunum,size_fit,positive,2,positive
urun cok kaliteli fakat beden degisikligi yapacagim icin iade talebi olusturdum,size_fit,positive,2,neutral
çok güzel çok beğendim boyum kilom xl aldım biraz bol geldi bir beden küçük alsam daha iyi olurmuş ama olsun bu şekilde de kullanırım bir daha sipariş verip bir besen küçük alicam tavsiye ederim,size_fit,positive,2,neutral
ütü gerektirmeden giyebildigim kaliteli bir tişörtüm oldu adet aldım birini eşimin abisine hediye ettim i kisini de kendim beğenerek kullanıyorum klasik kesim slim fit falan değil fit sevenler beden küçük alabilir,size_fit,positive,2,neutral
cok güzel bi ürün esnek ve kalibi tam kiloyum s beden cok iyi oldu günlük cok rahat kullanilir,size_fit,positive,2,positive
güzel idare eder yorumlarda kalıbı geniş denmiş ama değil tam beden alın,size_fit,positive,2,positive
kumaşı kalitesi harika bir beden büyük tercih ettik çok iyi oldu çok hızlı ulaştı sadece iki renk sipariş vermiştim biri tedarik edilemedi beni üzdü yeniden sipariş verdim bir yıldız ordan kırdım,size_fit,positive,2,positive
bedeni kumaşı harika çok beğendim,size_fit,positive,2,positive
tiriş tiril yumoş pamuklu kumaş tam beden ölçüsü kaçırmadan heman almanızı tavsiye ederim,size_fit,positive,2,positive
her rengini almaya karar verdim bi beden küçük alın,size_fit,positive,2,neutral
mükemmellllll boy kg bilerek m beden aldım iyi oldu s alsam hatları çok belli eder diye düşündüm,size_fit,positive,2,positive
kumaş kalitesi çok güzel bedenimi istedim tam oldu boyu uzun geldi biraz onuda terzi ye yaptırdım tavsiye ederim,size_fit,positive,2,positive
kiloyum m beden aldım tam oldu yanlış bedende ürün almıştım değişim çabuk gerçekleşti almanız gereken bir ürün,size_fit,positive,2,positive
ürün kumaşı duruşu çok güzel boy kg m beden aldım güzel oldu,size_fit,positive,2,positive
xl aldik bol gi bi duruyor ama kumaşi çekecek belli,size_fit,positive,2,neutral
evet biraz ince ama birbeden küçük almak lazım,size_fit,positive,2,neutral
kalitesi ve dokusu çok güzel ben şimdi fit diyerek bedenimin bir büyüğünü aldı biraz bol geldi fiyat olarak ve kalite olarak çok güzel almanızı tavsiye ederim,size_fit,positive,2,neutral
çok güzel bi eşofman altı ama farklı renkler arasında beden farkı var laciverti daha bol siyahi bi tık daha dar,size_fit,positive,2,neutral
kg basenli biriyim tam kalıp xl aldım tammm oldu çok da rahat gerçekten kusursuz geldi hızlı geldi teşekkürler,size_fit,positive,2,positive
cok rahat övülduğu kadar varmiş tam beden alsim ben,size_fit,positive,2,positive
hiç düşünmeden alacağınız bir ürün her renginden aldım kendi bedeninizi alabilirsiniz boy kilo,size_fit,positive,2,positive
aynen gorseldeki ve anlatildigi gibi gayet guzel kendi bedenim cok guzel oldu ne dar ne asiri salas,size_fit,positive,2,positive
tam beden ve kaliteli,size_fit,positive,2,positive
üstte nasıl durur mankendeki gibi olur mu derken derken sipariş verdim ve geldiğinde hemen denedim gerçekten bahsedildiği kadar varmış kaliteli kalıbı güzel konforlu alın aldırın,size_fit,positive,2,positive
parasını sonuna kadar hakeden bir ürün,size_fit,positive,2,positive
s beden aldım kg boy tam oldu çok şık bir tişört,size_fit,positive,2,positive
tam bedeninizi alin kalitesi rengi cok guzel,size_fit,positive,2,positive
dar kalıp bir ürün onu göz önünde bulundurarak alın bence,size_fit,positive,2,neutral
daha önce siyahını almıştım büyük almışım birde tüylenme oldu umarım bunda olmaz bir beden küçük alınabilir,size_fit,positive,2,negative
los ojos kalitesini yıllardır çok beğenerek kullanıyorum ancak bu ispanyol paçanın kalıbı bir tık dar,size_fit,positive,2,negative
ürün fena değil ama yikandikca beden büyüdü sanki am idare eder fiyatı yüksek,size_fit,positive,2,neutral
doğum sonrası mutlu olduğum en en en güzel eşofman altı yanlız şöyle bir durum var ben kiloyum xl aldım lastik kısmı beredeyse göğüs altıma kadar gelir o derece bol oldu üstümden düşmedi ama lastik kısmı kavramadi da boyum sonrasında diğer renklerinden m beden aldım arkası biraz yapıştı ama iç göstermediği için çok da rahatsız etmedi üstüme tam otursun derseniz m beden ben bol istiyordum hatlarim belli olmasın derseniz l beden alın derim ben çünkü ufaktan bollasna durumu da var giydikce,size_fit,positive,2,neutral
kaliteli kumaş beden tam oldu,size_fit,positive,2,positive
boy kilo s beden aldim çok güzel oldu harika bir ürün çok rahat,size_fit,positive,2,positive
yüksek bel baya baya ama bir beden küçük alınabilir ben kendi bedenimi alınca karın bölgesinde tam bir toparlama olmadı sanki large alsam toparlardı daha güzel dururdu kumaşı kalitesi güzel,size_fit,positive,2,neutral
yorumları okuyarak satın aldım gerçektende oysho kalitesinde ürün kendi bedeninizi alabilirsiniz,size_fit,positive,2,positive
güzel ürün iyiki almışım m ve l arası bedenim ben l aldm ama keşke m alsaymışım,size_fit,positive,2,neutral
bir beden büyük alın,size_fit,positive,2,neutral
beden tam geldi alacaklar için tavsiyem ince bir kumaş istemiyorsanız almayın,size_fit,positive,2,positive
tam kalıp mükemmel,size_fit,positive,2,positive
adet m beden aldım beyaz gri turunc renk gibi slim fit değil normal kesim yaş bandına hitap etmiyor daha olgun gösteriyor yaş için ideal ama yinede giyilebilir indirimli bu fiyata küçük esnaftan bez dahi alamazsın en azından kaliteli ürün,size_fit,positive,2,positive
hemen paça kısımlarında hafif bir tüylenme oldu ama o kadar rahat ki üniforma gibi oldu ne giysem bunun rahatlığını arıyorum,size_fit,positive,2,positive
kumaşı çok rahat dalgıç kumaş gibi üstünde yokçasına ben hamilelik için aldım biraz salaş olsun istedim aslında l beden aldım bol olsun diye ama tam oldu gibi boy kg,size_fit,positive,2,neutral
daha once siyahta xs almistim gayet rahatti lacivertte de ayni beden aldim hem beli sıktı hem boydan kısa geldi hemde yuruyunce ag kismi yukari cikiyor rahatsiz ediyor yikadigim icin geri iade yapamadim malesef,size_fit,positive,2,neutral
boy kilo nişanlıma bohcaya koymak için xl beden aldık fakat enden ve boydan çok büyük geldi altınyıldız kalitesinde hızlı kargo geldi,size_fit,positive,2,negative
göründüğü gibi kumaşı da çok güzel bedeninizi alın tam otuyor,size_fit,positive,2,positive
kalitesi durusu mukemmel kendi bedeninizi alin,size_fit,positive,2,positive
çok rahat ama daha yıkanmadan bile hafif tüylenme yaptı sini almama engel olmadı ben rahhat dursun diye l almıştım rahat durdu ama m daha iyi olacak düşüncesiyle bir de m beden aldım severek kullanıyorum,size_fit,positive,2,positive
kilo cm m aldım eşofman gibi oldu tayt gibi olsun isterseniz bir beden küçük alabilirsiniz çok hafif serin tutuyor,size_fit,positive,2,negative
kalıplar tam ne giyiyosanız onu isteyin,size_fit,positive,2,positive
